{
    "mse": 0.0001486532761867115,
    "rmse": 0.012192344983091297,
    "mae": 0.006189823213145748,
    "r2": 0.9389125745308214
}