{
    "mse": 0.06028585880994797,
    "rmse": 0.245531787778992,
    "mae": 0.1455836147069931,
    "r2": 0.8852607011795044
}