{
    "metrics": {
        "catboost": {
            "mse": 0.0001491045100843584,
            "rmse": 0.012210835765186525,
            "mae": 0.006499867671312642,
            "r2": 0.9387271449338508
        },
        "combined": {
            "mse": 8.980412358271434e-06,
            "rmse": 0.0029967336148332296,
            "mae": 0.0016318847488060075,
            "r2": 0.9963400230181853
        },
        "lightgbm": {
            "mse": 0.0001486532761867115,
            "rmse": 0.012192344983091297,
            "mae": 0.006189823213145748,
            "r2": 0.9389125745308214
        },
        "mlp": {
            "mse": 0.0005447770818136632,
            "rmse": 0.023340460188558048,
            "mae": 0.012180229648947716,
            "r2": 0.7761298418045044
        },
        "tabgnn": {
            "mse": 0.0005497821839526296,
            "rmse": 0.023447434485517376,
            "mae": 0.01466838363558054,
            "r2": 0.77407306432724
        },
        "tabnet": {
            "mse": 0.004037569742649794,
            "rmse": 0.06354187393089532,
            "mae": 0.03923201188445091,
            "r2": -0.6591947078704834
        },
        "xgboost": {
            "mse": 0.00015150412218645215,
            "rmse": 0.012308701076330197,
            "mae": 0.0061679407954216,
            "r2": 0.9377410411834717
        }
    },
    "comparison": {
        "mse": {
            "combined": 8.980412358271434e-06,
            "lightgbm": 0.0001486532761867115,
            "catboost": 0.0001491045100843584,
            "xgboost": 0.00015150412218645215,
            "mlp": 0.0005447770818136632,
            "tabgnn": 0.0005497821839526296,
            "tabnet": 0.004037569742649794
        },
        "rmse": {
            "combined": 0.0029967336148332296,
            "lightgbm": 0.012192344983091297,
            "catboost": 0.012210835765186525,
            "xgboost": 0.012308701076330197,
            "mlp": 0.023340460188558048,
            "tabgnn": 0.023447434485517376,
            "tabnet": 0.06354187393089532
        },
        "mae": {
            "combined": 0.0016318847488060075,
            "lightgbm": 0.006189823213145748,
            "catboost": 0.006499867671312642,
            "xgboost": 0.0061679407954216,
            "mlp": 0.012180229648947716,
            "tabgnn": 0.01466838363558054,
            "tabnet": 0.03923201188445091
        },
        "r2": {
            "combined": 0.9963400230181853,
            "lightgbm": 0.9389125745308214,
            "catboost": 0.9387271449338508,
            "xgboost": 0.9377410411834717,
            "mlp": 0.7761298418045044,
            "tabgnn": 0.77407306432724,
            "tabnet": -0.6591947078704834
        },
        "improvement": {
            "combined": 75.42118748289039,
            "lightgbm": 0.0,
            "catboost": -0.15165894765011897,
            "xgboost": -0.9543372780237664,
            "mlp": -91.43536555869511,
            "tabgnn": -92.31275458523335,
            "tabnet": -421.1620407642423
        }
    },
    "best_model": "combined",
    "best_metrics": {
        "mse": 8.980412358271434e-06,
        "rmse": 0.0029967336148332296,
        "mae": 0.0016318847488060075,
        "r2": 0.9963400230181853,
        "improvement": 75.42118748289039
    },
    "markdown_table": "| index    |         mse |       rmse |        mae |        r2 |   improvement |\n|:---------|------------:|-----------:|-----------:|----------:|--------------:|\n| combined | 8.98041e-06 | 0.00299673 | 0.00163188 |  0.99634  |     75.4212   |\n| lightgbm | 0.000148653 | 0.0121923  | 0.00618982 |  0.938913 |      0        |\n| catboost | 0.000149105 | 0.0122108  | 0.00649987 |  0.938727 |     -0.151659 |\n| xgboost  | 0.000151504 | 0.0123087  | 0.00616794 |  0.937741 |     -0.954337 |\n| mlp      | 0.000544777 | 0.0233405  | 0.0121802  |  0.77613  |    -91.4354   |\n| tabgnn   | 0.000549782 | 0.0234474  | 0.0146684  |  0.774073 |    -92.3128   |\n| tabnet   | 0.00403757  | 0.0635419  | 0.039232   | -0.659195 |   -421.162    |"
}