{
    "mse": 9.786496229935437e-05,
    "rmse": 0.009892672151615779,
    "mae": 0.0048816814087331295,
    "r2": 0.9589194059371948
}