{
    "mse": 0.29426818819955236,
    "rmse": 0.5424649188653146,
    "mae": 0.22236526406185117,
    "r2": 0.43993287259622216
}