{
    "mse": 0.00010251345309648767,
    "rmse": 0.010124892744937483,
    "mae": 0.005038886044565449,
    "r2": 0.9569680877670957
}