{
    "mse": 197.20175170898438,
    "rmse": 14.042854115491778,
    "mae": 13.18582534790039,
    "r2": -374.3250427246094
}