{
    "mse": 0.00014865327618671301,
    "rmse": 0.012192344983091359,
    "mae": 0.0061898232131454,
    "r2": 0.9389125745308208
}