{
    "mse": 5.1235127709854905e-05,
    "rmse": 0.007157871730469533,
    "mae": 0.0038557851193706,
    "r2": 0.9786829684390286
}