{
    "mse": 0.0007138645160011947,
    "rmse": 0.02671824313088708,
    "mae": 0.020810380578041077,
    "r2": 0.7003421783447266
}