{
    "mse": 0.0005497821839526296,
    "rmse": 0.023447434485517376,
    "mae": 0.01466838363558054,
    "r2": 0.77407306432724
}