{
    "mse": 0.0008636033162474632,
    "rmse": 0.02938712841104866,
    "mae": 0.01873527280986309,
    "r2": 0.6374865770339966
}