{
    "metrics": {
        "catboost": {
            "mse": 0.00011812680738033972,
            "rmse": 0.010868615706719036,
            "mae": 0.005651529015162931,
            "r2": 0.9504140944041799
        },
        "combined": {
            "mse": 5.1235127709854905e-05,
            "rmse": 0.007157871730469533,
            "mae": 0.0038557851193706,
            "r2": 0.9786829684390286
        },
        "lightgbm": {
            "mse": 0.00010251345309648767,
            "rmse": 0.010124892744937483,
            "mae": 0.005038886044565449,
            "r2": 0.9569680877670957
        },
        "mlp": {
            "mse": 0.00016301813593599945,
            "rmse": 0.012767855573117964,
            "mae": 0.007080026436597109,
            "r2": 0.9315701127052307
        },
        "tabgnn": {
            "mse": 0.0008636033162474632,
            "rmse": 0.02938712841104866,
            "mae": 0.01873527280986309,
            "r2": 0.6374865770339966
        },
        "tabnet": {
            "mse": 0.0006983017083257437,
            "rmse": 0.026425398924628245,
            "mae": 0.01850597746670246,
            "r2": 0.7068749666213989
        },
        "xgboost": {
            "mse": 9.786496229935437e-05,
            "rmse": 0.009892672151615779,
            "mae": 0.0048816814087331295,
            "r2": 0.9589194059371948
        }
    },
    "comparison": {
        "mse": {
            "combined": 5.1235127709854905e-05,
            "xgboost": 9.786496229935437e-05,
            "lightgbm": 0.00010251345309648767,
            "catboost": 0.00011812680738033972,
            "mlp": 0.00016301813593599945,
            "tabnet": 0.0006983017083257437,
            "tabgnn": 0.0008636033162474632
        },
        "rmse": {
            "combined": 0.007157871730469533,
            "xgboost": 0.009892672151615779,
            "lightgbm": 0.010124892744937483,
            "catboost": 0.010868615706719036,
            "mlp": 0.012767855573117964,
            "tabnet": 0.026425398924628245,
            "tabgnn": 0.02938712841104866
        },
        "mae": {
            "combined": 0.0038557851193706,
            "xgboost": 0.0048816814087331295,
            "lightgbm": 0.005038886044565449,
            "catboost": 0.005651529015162931,
            "mlp": 0.007080026436597109,
            "tabnet": 0.01850597746670246,
            "tabgnn": 0.01873527280986309
        },
        "r2": {
            "combined": 0.9786829684390286,
            "xgboost": 0.9589194059371948,
            "lightgbm": 0.9569680877670957,
            "catboost": 0.9504140944041799,
            "mlp": 0.9315701127052307,
            "tabnet": 0.7068749666213989,
            "tabgnn": 0.6374865770339966
        },
        "improvement": {
            "combined": 29.30422167633807,
            "xgboost": 2.2935610200692365,
            "lightgbm": 0.0,
            "catboost": -7.34548977966625,
            "mlp": -26.10361309261257,
            "tabnet": -160.99435905472805,
            "tabgnn": -190.2463181720362
        }
    },
    "best_model": "combined",
    "best_metrics": {
        "mse": 5.1235127709854905e-05,
        "rmse": 0.007157871730469533,
        "mae": 0.0038557851193706,
        "r2": 0.9786829684390286,
        "improvement": 29.30422167633807
    },
    "markdown_table": "| index    |         mse |       rmse |        mae |       r2 |   improvement |\n|:---------|------------:|-----------:|-----------:|---------:|--------------:|\n| combined | 5.12351e-05 | 0.00715787 | 0.00385579 | 0.978683 |      29.3042  |\n| xgboost  | 9.7865e-05  | 0.00989267 | 0.00488168 | 0.958919 |       2.29356 |\n| lightgbm | 0.000102513 | 0.0101249  | 0.00503889 | 0.956968 |       0       |\n| catboost | 0.000118127 | 0.0108686  | 0.00565153 | 0.950414 |      -7.34549 |\n| mlp      | 0.000163018 | 0.0127679  | 0.00708003 | 0.93157  |     -26.1036  |\n| tabnet   | 0.000698302 | 0.0264254  | 0.018506   | 0.706875 |    -160.994   |\n| tabgnn   | 0.000863603 | 0.0293871  | 0.0187353  | 0.637487 |    -190.246   |"
}