{
    "metrics": {
        "catboost": {
            "mse": 0.00011812680738033972,
            "rmse": 0.010868615706719036,
            "mae": 0.005651529015162931,
            "r2": 0.9504140944041799
        },
        "combined": {
            "mse": 5.111760539595778e-05,
            "rmse": 0.007149657711803956,
            "mae": 0.0038545949804457626,
            "r2": 0.9787318651040013
        },
        "lightgbm": {
            "mse": 0.00010251345309648767,
            "rmse": 0.010124892744937483,
            "mae": 0.005038886044565449,
            "r2": 0.9569680877670957
        },
        "mlp": {
            "mse": 0.0001558269141241908,
            "rmse": 0.012483065093325068,
            "mae": 0.006643162574619055,
            "r2": 0.9345887899398804
        },
        "tabgnn": {
            "mse": 0.000502333918120712,
            "rmse": 0.022412807011186975,
            "mae": 0.013538495637476444,
            "r2": 0.7891360521316528
        },
        "tabnet": {
            "mse": 0.0007138645160011947,
            "rmse": 0.02671824313088708,
            "mae": 0.020810380578041077,
            "r2": 0.7003421783447266
        },
        "xgboost": {
            "mse": 9.786496229935437e-05,
            "rmse": 0.009892672151615779,
            "mae": 0.0048816814087331295,
            "r2": 0.9589194059371948
        }
    },
    "comparison": {
        "mse": {
            "combined": 5.111760539595778e-05,
            "xgboost": 9.786496229935437e-05,
            "lightgbm": 0.00010251345309648767,
            "catboost": 0.00011812680738033972,
            "mlp": 0.0001558269141241908,
            "tabgnn": 0.000502333918120712,
            "tabnet": 0.0007138645160011947
        },
        "rmse": {
            "combined": 0.007149657711803956,
            "xgboost": 0.009892672151615779,
            "lightgbm": 0.010124892744937483,
            "catboost": 0.010868615706719036,
            "mlp": 0.012483065093325068,
            "tabgnn": 0.022412807011186975,
            "tabnet": 0.02671824313088708
        },
        "mae": {
            "combined": 0.0038545949804457626,
            "xgboost": 0.0048816814087331295,
            "lightgbm": 0.005038886044565449,
            "catboost": 0.005651529015162931,
            "mlp": 0.006643162574619055,
            "tabgnn": 0.013538495637476444,
            "tabnet": 0.020810380578041077
        },
        "r2": {
            "combined": 0.9787318651040013,
            "xgboost": 0.9589194059371948,
            "lightgbm": 0.9569680877670957,
            "catboost": 0.9504140944041799,
            "mlp": 0.9345887899398804,
            "tabgnn": 0.7891360521316528,
            "tabnet": 0.7003421783447266
        },
        "improvement": {
            "combined": 29.38534864600087,
            "xgboost": 2.2935610200692365,
            "lightgbm": 0.0,
            "catboost": -7.34548977966625,
            "mlp": -23.29083781718762,
            "tabgnn": -121.3634018236246,
            "tabnet": -163.88667815020943
        }
    },
    "best_model": "combined",
    "best_metrics": {
        "mse": 5.111760539595778e-05,
        "rmse": 0.007149657711803956,
        "mae": 0.0038545949804457626,
        "r2": 0.9787318651040013,
        "improvement": 29.38534864600087
    },
    "markdown_table": "| index    |         mse |       rmse |        mae |       r2 |   improvement |\n|:---------|------------:|-----------:|-----------:|---------:|--------------:|\n| combined | 5.11176e-05 | 0.00714966 | 0.00385459 | 0.978732 |      29.3853  |\n| xgboost  | 9.7865e-05  | 0.00989267 | 0.00488168 | 0.958919 |       2.29356 |\n| lightgbm | 0.000102513 | 0.0101249  | 0.00503889 | 0.956968 |       0       |\n| catboost | 0.000118127 | 0.0108686  | 0.00565153 | 0.950414 |      -7.34549 |\n| mlp      | 0.000155827 | 0.0124831  | 0.00664316 | 0.934589 |     -23.2908  |\n| tabgnn   | 0.000502334 | 0.0224128  | 0.0135385  | 0.789136 |    -121.363   |\n| tabnet   | 0.000713865 | 0.0267182  | 0.0208104  | 0.700342 |    -163.887   |"
}