{
    "mse": 8.980412358271434e-06,
    "rmse": 0.0029967336148332296,
    "mae": 0.0016318847488060075,
    "r2": 0.9963400230181853
}