{
    "mse": 0.0005497820093296468,
    "rmse": 0.02344743076180516,
    "mae": 0.014668375253677368,
    "r2": 0.7740731239318848
}