{
    "mse": 0.0006983017083257437,
    "rmse": 0.026425398924628245,
    "mae": 0.01850597746670246,
    "r2": 0.7068749666213989
}