{
    "mse": 0.0005447770818136632,
    "rmse": 0.023340460188558048,
    "mae": 0.012180229648947716,
    "r2": 0.7761298418045044
}