{
    "mse": 0.4241257607936859,
    "rmse": 0.6512493844862243,
    "mae": 0.48915567994117737,
    "r2": 0.19278091192245483
}