{
    "mse": 0.42412570118904114,
    "rmse": 0.6512493387244559,
    "mae": 0.4891556203365326,
    "r2": 0.19278103113174438
}