{
    "mse": 0.08458129256871344,
    "rmse": 0.2908286309301638,
    "mae": 0.1585899347631063,
    "r2": 0.8390203105171057
}