{
    "metrics": {
        "catboost": {
            "mse": 0.0001491045100843584,
            "rmse": 0.012210835765186525,
            "mae": 0.006499867671312642,
            "r2": 0.9387271449338508
        },
        "combined": {
            "mse": 9.100160013704909e-06,
            "rmse": 0.0030166471476964136,
            "mae": 0.0016477382659521424,
            "r2": 0.9962912197288676
        },
        "lightgbm": {
            "mse": 0.00014865327618671301,
            "rmse": 0.012192344983091359,
            "mae": 0.0061898232131454,
            "r2": 0.9389125745308208
        },
        "mlp": {
            "mse": 0.0005447770818136632,
            "rmse": 0.023340460188558048,
            "mae": 0.012180229648947716,
            "r2": 0.7761298418045044
        },
        "tabgnn": {
            "mse": 0.0005497820093296468,
            "rmse": 0.02344743076180516,
            "mae": 0.014668375253677368,
            "r2": 0.7740731239318848
        },
        "tabnet": {
            "mse": 0.004037569742649794,
            "rmse": 0.06354187393089532,
            "mae": 0.03923201188445091,
            "r2": -0.6591947078704834
        },
        "xgboost": {
            "mse": 0.00015150412218645215,
            "rmse": 0.012308701076330197,
            "mae": 0.0061679407954216,
            "r2": 0.9377410411834717
        }
    },
    "comparison": {
        "mse": {
            "combined": 9.100160013704909e-06,
            "lightgbm": 0.00014865327618671301,
            "catboost": 0.0001491045100843584,
            "xgboost": 0.00015150412218645215,
            "mlp": 0.0005447770818136632,
            "tabgnn": 0.0005497820093296468,
            "tabnet": 0.004037569742649794
        },
        "rmse": {
            "combined": 0.0030166471476964136,
            "lightgbm": 0.012192344983091359,
            "catboost": 0.012210835765186525,
            "xgboost": 0.012308701076330197,
            "mlp": 0.023340460188558048,
            "tabgnn": 0.02344743076180516,
            "tabnet": 0.06354187393089532
        },
        "mae": {
            "combined": 0.0016477382659521424,
            "lightgbm": 0.0061898232131454,
            "catboost": 0.006499867671312642,
            "xgboost": 0.0061679407954216,
            "mlp": 0.012180229648947716,
            "tabgnn": 0.014668375253677368,
            "tabnet": 0.03923201188445091
        },
        "r2": {
            "combined": 0.9962912197288676,
            "lightgbm": 0.9389125745308208,
            "catboost": 0.9387271449338508,
            "xgboost": 0.9377410411834717,
            "mlp": 0.7761298418045044,
            "tabgnn": 0.7740731239318848,
            "tabnet": -0.6591947078704834
        },
        "improvement": {
            "combined": 75.25785932173036,
            "lightgbm": 0.0,
            "catboost": -0.151658947649606,
            "xgboost": -0.9543372780232493,
            "mlp": -91.43536555869414,
            "tabgnn": -92.31272404383756,
            "tabnet": -421.16204076423963
        }
    },
    "best_model": "combined",
    "best_metrics": {
        "mse": 9.100160013704909e-06,
        "rmse": 0.0030166471476964136,
        "mae": 0.0016477382659521424,
        "r2": 0.9962912197288676,
        "improvement": 75.25785932173036
    },
    "markdown_table": "| index    |         mse |       rmse |        mae |        r2 |   improvement |\n|:---------|------------:|-----------:|-----------:|----------:|--------------:|\n| combined | 9.10016e-06 | 0.00301665 | 0.00164774 |  0.996291 |     75.2579   |\n| lightgbm | 0.000148653 | 0.0121923  | 0.00618982 |  0.938913 |      0        |\n| catboost | 0.000149105 | 0.0122108  | 0.00649987 |  0.938727 |     -0.151659 |\n| xgboost  | 0.000151504 | 0.0123087  | 0.00616794 |  0.937741 |     -0.954337 |\n| mlp      | 0.000544777 | 0.0233405  | 0.0121802  |  0.77613  |    -91.4354   |\n| tabgnn   | 0.000549782 | 0.0234474  | 0.0146684  |  0.774073 |    -92.3127   |\n| tabnet   | 0.00403757  | 0.0635419  | 0.039232   | -0.659195 |   -421.162    |"
}