{
    "mse": 0.004037569742649794,
    "rmse": 0.06354187393089532,
    "mae": 0.03923201188445091,
    "r2": -0.6591947078704834
}