{
    "mse": 0.000502333918120712,
    "rmse": 0.022412807011186975,
    "mae": 0.013538495637476444,
    "r2": 0.7891360521316528
}