{
    "metrics": {
        "catboost": {
            "mse": 0.08458129256871344,
            "rmse": 0.2908286309301638,
            "mae": 0.1585899347631063,
            "r2": 0.8390203105171057
        },
        "combined": {
            "mse": 0.014537788973096098,
            "rmse": 0.1205727538588055,
            "mae": 0.09465603099402178,
            "r2": 0.9807950202682878
        },
        "lightgbm": {
            "mse": 0.29426818819955236,
            "rmse": 0.5424649188653146,
            "mae": 0.22236526406185117,
            "r2": 0.43993287259622216
        },
        "mlp": {
            "mse": 0.2454574853181839,
            "rmse": 0.49543666125770697,
            "mae": 0.30503901839256287,
            "r2": 0.5328320264816284
        },
        "tabgnn": {
            "mse": 0.4241257607936859,
            "rmse": 0.6512493844862243,
            "mae": 0.48915567994117737,
            "r2": 0.19278091192245483
        },
        "tabnet": {
            "mse": 197.20175170898438,
            "rmse": 14.042854115491778,
            "mae": 13.18582534790039,
            "r2": -374.3250427246094
        },
        "xgboost": {
            "mse": 0.06028585880994797,
            "rmse": 0.245531787778992,
            "mae": 0.1455836147069931,
            "r2": 0.8852607011795044
        }
    },
    "comparison": {
        "mse": {
            "combined": 0.014537788973096098,
            "xgboost": 0.06028585880994797,
            "catboost": 0.08458129256871344,
            "mlp": 0.2454574853181839,
            "lightgbm": 0.29426818819955236,
            "tabgnn": 0.4241257607936859,
            "tabnet": 197.20175170898438
        },
        "rmse": {
            "combined": 0.1205727538588055,
            "xgboost": 0.245531787778992,
            "catboost": 0.2908286309301638,
            "mlp": 0.49543666125770697,
            "lightgbm": 0.5424649188653146,
            "tabgnn": 0.6512493844862243,
            "tabnet": 14.042854115491778
        },
        "mae": {
            "combined": 0.09465603099402178,
            "xgboost": 0.1455836147069931,
            "catboost": 0.1585899347631063,
            "mlp": 0.30503901839256287,
            "lightgbm": 0.22236526406185117,
            "tabgnn": 0.48915567994117737,
            "tabnet": 13.18582534790039
        },
        "r2": {
            "combined": 0.9807950202682878,
            "xgboost": 0.8852607011795044,
            "catboost": 0.8390203105171057,
            "mlp": 0.5328320264816284,
            "lightgbm": 0.43993287259622216,
            "tabgnn": 0.19278091192245483,
            "tabnet": -374.3250427246094
        },
        "improvement": {
            "combined": 77.773170270437,
            "xgboost": 54.7377573663978,
            "catboost": 46.387568888602736,
            "mlp": 8.669363856003372,
            "lightgbm": 0.0,
            "tabgnn": -20.053732847546435,
            "tabnet": -2488.711938251328
        }
    },
    "best_model": "combined",
    "best_metrics": {
        "mse": 0.014537788973096098,
        "rmse": 0.1205727538588055,
        "mae": 0.09465603099402178,
        "r2": 0.9807950202682878,
        "improvement": 77.773170270437
    },
    "markdown_table": "| index    |         mse |      rmse |       mae |          r2 |   improvement |\n|:---------|------------:|----------:|----------:|------------:|--------------:|\n| combined |   0.0145378 |  0.120573 |  0.094656 |    0.980795 |      77.7732  |\n| xgboost  |   0.0602859 |  0.245532 |  0.145584 |    0.885261 |      54.7378  |\n| catboost |   0.0845813 |  0.290829 |  0.15859  |    0.83902  |      46.3876  |\n| mlp      |   0.245457  |  0.495437 |  0.305039 |    0.532832 |       8.66936 |\n| lightgbm |   0.294268  |  0.542465 |  0.222365 |    0.439933 |       0       |\n| tabgnn   |   0.424126  |  0.651249 |  0.489156 |    0.192781 |     -20.0537  |\n| tabnet   | 197.202     | 14.0429   | 13.1858   | -374.325    |   -2488.71    |"
}