{
    "metrics": {
        "catboost": {
            "mse": 0.08458129256871344,
            "rmse": 0.2908286309301638,
            "mae": 0.1585899347631063,
            "r2": 0.8390203105171057
        },
        "combined": {
            "mse": 0.009863438563974957,
            "rmse": 0.09931484563737164,
            "mae": 0.06787190285121517,
            "r2": 0.9869700173763228
        },
        "lightgbm": {
            "mse": 0.29426818819955236,
            "rmse": 0.5424649188653146,
            "mae": 0.22236526406185117,
            "r2": 0.43993287259622216
        },
        "mlp": {
            "mse": 0.2454574853181839,
            "rmse": 0.49543666125770697,
            "mae": 0.30503901839256287,
            "r2": 0.5328320264816284
        },
        "tabgnn": {
            "mse": 0.42412570118904114,
            "rmse": 0.6512493387244559,
            "mae": 0.4891556203365326,
            "r2": 0.19278103113174438
        },
        "tabnet": {
            "mse": 197.20175170898438,
            "rmse": 14.042854115491778,
            "mae": 13.18582534790039,
            "r2": -374.3250427246094
        },
        "xgboost": {
            "mse": 0.06028585880994797,
            "rmse": 0.245531787778992,
            "mae": 0.1455836147069931,
            "r2": 0.8852607011795044
        }
    },
    "comparison": {
        "mse": {
            "combined": 0.009863438563974957,
            "xgboost": 0.06028585880994797,
            "catboost": 0.08458129256871344,
            "mlp": 0.2454574853181839,
            "lightgbm": 0.29426818819955236,
            "tabgnn": 0.42412570118904114,
            "tabnet": 197.20175170898438
        },
        "rmse": {
            "combined": 0.09931484563737164,
            "xgboost": 0.245531787778992,
            "catboost": 0.2908286309301638,
            "mlp": 0.49543666125770697,
            "lightgbm": 0.5424649188653146,
            "tabgnn": 0.6512493387244559,
            "tabnet": 14.042854115491778
        },
        "mae": {
            "combined": 0.06787190285121517,
            "xgboost": 0.1455836147069931,
            "catboost": 0.1585899347631063,
            "mlp": 0.30503901839256287,
            "lightgbm": 0.22236526406185117,
            "tabgnn": 0.4891556203365326,
            "tabnet": 13.18582534790039
        },
        "r2": {
            "combined": 0.9869700173763228,
            "xgboost": 0.8852607011795044,
            "catboost": 0.8390203105171057,
            "mlp": 0.5328320264816284,
            "lightgbm": 0.43993287259622216,
            "tabgnn": 0.19278103113174438,
            "tabnet": -374.3250427246094
        },
        "improvement": {
            "combined": 81.6919321077738,
            "xgboost": 54.7377573663978,
            "catboost": 46.387568888602736,
            "mlp": 8.669363856003372,
            "lightgbm": 0.0,
            "tabgnn": -20.053724411651913,
            "tabnet": -2488.711938251328
        }
    },
    "best_model": "combined",
    "best_metrics": {
        "mse": 0.009863438563974957,
        "rmse": 0.09931484563737164,
        "mae": 0.06787190285121517,
        "r2": 0.9869700173763228,
        "improvement": 81.6919321077738
    },
    "markdown_table": "| index    |          mse |       rmse |        mae |          r2 |   improvement |\n|:---------|-------------:|-----------:|-----------:|------------:|--------------:|\n| combined |   0.00986344 |  0.0993148 |  0.0678719 |    0.98697  |      81.6919  |\n| xgboost  |   0.0602859  |  0.245532  |  0.145584  |    0.885261 |      54.7378  |\n| catboost |   0.0845813  |  0.290829  |  0.15859   |    0.83902  |      46.3876  |\n| mlp      |   0.245457   |  0.495437  |  0.305039  |    0.532832 |       8.66936 |\n| lightgbm |   0.294268   |  0.542465  |  0.222365  |    0.439933 |       0       |\n| tabgnn   |   0.424126   |  0.651249  |  0.489156  |    0.192781 |     -20.0537  |\n| tabnet   | 197.202      | 14.0429    | 13.1858    | -374.325    |   -2488.71    |"
}