{
    "mse": 0.00011812680738033972,
    "rmse": 0.010868615706719036,
    "mae": 0.005651529015162931,
    "r2": 0.9504140944041799
}