{
    "mse": 9.100160013704909e-06,
    "rmse": 0.0030166471476964136,
    "mae": 0.0016477382659521424,
    "r2": 0.9962912197288676
}