{
    "mse": 0.0001558269141241908,
    "rmse": 0.012483065093325068,
    "mae": 0.006643162574619055,
    "r2": 0.9345887899398804
}