{
    "mse": 0.0001491045100843584,
    "rmse": 0.012210835765186525,
    "mae": 0.006499867671312642,
    "r2": 0.9387271449338508
}