{
    "mse": 0.2454574853181839,
    "rmse": 0.49543666125770697,
    "mae": 0.30503901839256287,
    "r2": 0.5328320264816284
}