{
    "mse": 0.00015150412218645215,
    "rmse": 0.012308701076330197,
    "mae": 0.0061679407954216,
    "r2": 0.9377410411834717
}