{
    "mse": 0.00016301813593599945,
    "rmse": 0.012767855573117964,
    "mae": 0.007080026436597109,
    "r2": 0.9315701127052307
}