{
    "mse": 0.009863438563974957,
    "rmse": 0.09931484563737164,
    "mae": 0.06787190285121517,
    "r2": 0.9869700173763228
}