{
    "mse": 0.014537788973096098,
    "rmse": 0.1205727538588055,
    "mae": 0.09465603099402178,
    "r2": 0.9807950202682878
}