{
    "mse": 5.111760539595778e-05,
    "rmse": 0.007149657711803956,
    "mae": 0.0038545949804457626,
    "r2": 0.9787318651040013
}